lad22cd,lad22nm,category,count_21
E09000001,City of London,No religion,3763
E09000001,City of London,Christian,2976
E09000001,City of London,Buddhist,95
E09000001,City of London,Hindu,203
E09000001,City of London,Jewish,177
E09000001,City of London,Muslim,540
E09000001,City of London,Sikh,6
E09000001,City of London,Other religion,55
E09000001,City of London,Not answered,767
E09000002,Barking and Dagenham,No religion,41191
E09000002,Barking and Dagenham,Christian,99342
E09000002,Barking and Dagenham,Buddhist,821
E09000002,Barking and Dagenham,Hindu,6596
E09000002,Barking and Dagenham,Jewish,272
E09000002,Barking and Dagenham,Muslim,53389
E09000002,Barking and Dagenham,Sikh,4284
E09000002,Barking and Dagenham,Other religion,981
E09000002,Barking and Dagenham,Not answered,11991
E09000003,Barnet,No religion,78684
E09000003,Barnet,Christian,142321
E09000003,Barnet,Buddhist,4158
E09000003,Barnet,Hindu,22105
E09000003,Barnet,Jewish,56616
E09000003,Barnet,Muslim,47688
E09000003,Barnet,Sikh,1524
E09000003,Barnet,Other religion,5192
E09000003,Barnet,Not answered,31056
E09000004,Bexley,No religion,82816
E09000004,Bexley,Christian,123908
E09000004,Bexley,Buddhist,2048
E09000004,Bexley,Hindu,7516
E09000004,Bexley,Jewish,217
E09000004,Bexley,Muslim,9721
E09000004,Bexley,Sikh,5272
E09000004,Bexley,Other religion,988
E09000004,Bexley,Not answered,13986
E09000005,Brent,No religion,46153
E09000005,Brent,Christian,131914
E09000005,Brent,Buddhist,3117
E09000005,Brent,Hindu,52876
E09000005,Brent,Jewish,3723
E09000005,Brent,Muslim,72574
E09000005,Brent,Sikh,1530
E09000005,Brent,Other religion,4424
E09000005,Brent,Not answered,23506
E09000006,Bromley,No religion,122943
E09000006,Bromley,Christian,159452
E09000006,Bromley,Buddhist,2100
E09000006,Bromley,Hindu,9644
E09000006,Bromley,Jewish,966
E09000006,Bromley,Muslim,10876
E09000006,Bromley,Sikh,1068
E09000006,Bromley,Other religion,1704
E09000006,Bromley,Not answered,21238
E09000007,Camden,No religion,72776
E09000007,Camden,Christian,65980
E09000007,Camden,Buddhist,2410
E09000007,Camden,Hindu,3991
E09000007,Camden,Jewish,10079
E09000007,Camden,Muslim,33830
E09000007,Camden,Sikh,487
E09000007,Camden,Other religion,1842
E09000007,Camden,Not answered,18743
E09000008,Croydon,No religion,101119
E09000008,Croydon,Christian,190880
E09000008,Croydon,Buddhist,2371
E09000008,Croydon,Hindu,23145
E09000008,Croydon,Jewish,609
E09000008,Croydon,Muslim,40717
E09000008,Croydon,Sikh,1654
E09000008,Croydon,Other religion,3189
E09000008,Croydon,Not answered,27035
E09000009,Ealing,No religion,70233
E09000009,Ealing,Christian,138937
E09000009,Ealing,Buddhist,4003
E09000009,Ealing,Hindu,28236
E09000009,Ealing,Jewish,1041
E09000009,Ealing,Muslim,68907
E09000009,Ealing,Sikh,28491
E09000009,Ealing,Other religion,2733
E09000009,Ealing,Not answered,24533
E09000010,Enfield,No religion,65241
E09000010,Enfield,Christian,153015
E09000010,Enfield,Buddhist,1716
E09000010,Enfield,Hindu,10231
E09000010,Enfield,Jewish,3713
E09000010,Enfield,Muslim,61477
E09000010,Enfield,Sikh,1199
E09000010,Enfield,Other religion,10351
E09000010,Enfield,Not answered,23041
E09000011,Greenwich,No religion,94208
E09000011,Greenwich,Christian,129112
E09000011,Greenwich,Buddhist,5034
E09000011,Greenwich,Hindu,11647
E09000011,Greenwich,Jewish,603
E09000011,Greenwich,Muslim,24715
E09000011,Greenwich,Sikh,3229
E09000011,Greenwich,Other religion,1802
E09000011,Greenwich,Not answered,18716
E09000012,Hackney,No religion,94113
E09000012,Hackney,Christian,79499
E09000012,Hackney,Buddhist,2343
E09000012,Hackney,Hindu,1998
E09000012,Hackney,Jewish,17426
E09000012,Hackney,Muslim,34578
E09000012,Hackney,Sikh,1867
E09000012,Hackney,Other religion,4879
E09000012,Hackney,Not answered,22442
E09000013,Hammersmith and Fulham,No religion,56059
E09000013,Hammersmith and Fulham,Christian,83673
E09000013,Hammersmith and Fulham,Buddhist,1723
E09000013,Hammersmith and Fulham,Hindu,2209
E09000013,Hammersmith and Fulham,Jewish,1228
E09000013,Hammersmith and Fulham,Muslim,21290
E09000013,Hammersmith and Fulham,Sikh,450
E09000013,Hammersmith and Fulham,Other religion,1227
E09000013,Hammersmith and Fulham,Not answered,15298
E09000014,Haringey,No religion,83535
E09000014,Haringey,Christian,103944
E09000014,Haringey,Buddhist,2455
E09000014,Haringey,Hindu,3529
E09000014,Haringey,Jewish,9397
E09000014,Haringey,Muslim,33295
E09000014,Haringey,Sikh,892
E09000014,Haringey,Other religion,6164
E09000014,Haringey,Not answered,21027
E09000015,Harrow,No religion,27748
E09000015,Harrow,Christian,88602
E09000015,Harrow,Buddhist,2812
E09000015,Harrow,Hindu,67392
E09000015,Harrow,Jewish,7304
E09000015,Harrow,Muslim,41503
E09000015,Harrow,Sikh,2743
E09000015,Harrow,Other religion,7695
E09000015,Harrow,Not answered,15404
E09000016,Havering,No religion,80235
E09000016,Havering,Christian,136765
E09000016,Havering,Buddhist,1092
E09000016,Havering,Hindu,6454
E09000016,Havering,Jewish,1305
E09000016,Havering,Muslim,16135
E09000016,Havering,Sikh,4498
E09000016,Havering,Other religion,1056
E09000016,Havering,Not answered,14512
E09000017,Hillingdon,No religion,59214
E09000017,Hillingdon,Christian,119434
E09000017,Hillingdon,Buddhist,2621
E09000017,Hillingdon,Hindu,33020
E09000017,Hillingdon,Jewish,1392
E09000017,Hillingdon,Muslim,44077
E09000017,Hillingdon,Sikh,26339
E09000017,Hillingdon,Other religion,2683
E09000017,Hillingdon,Not answered,17129
E09000018,Hounslow,No religion,53502
E09000018,Hounslow,Christian,110269
E09000018,Hounslow,Buddhist,3932
E09000018,Hounslow,Hindu,27360
E09000018,Hounslow,Jewish,622
E09000018,Hounslow,Muslim,48028
E09000018,Hounslow,Sikh,24677
E09000018,Hounslow,Other religion,2323
E09000018,Hounslow,Not answered,17469
E09000019,Islington,No religion,88466
E09000019,Islington,Christian,75129
E09000019,Islington,Buddhist,1813
E09000019,Islington,Hindu,2195
E09000019,Islington,Jewish,2714
E09000019,Islington,Muslim,25840
E09000019,Islington,Sikh,603
E09000019,Islington,Other religion,2930
E09000019,Islington,Not answered,16902
E09000020,Kensington and Chelsea,No religion,35610
E09000020,Kensington and Chelsea,Christian,69335
E09000020,Kensington and Chelsea,Buddhist,1606
E09000020,Kensington and Chelsea,Hindu,1584
E09000020,Kensington and Chelsea,Jewish,2681
E09000020,Kensington and Chelsea,Muslim,16865
E09000020,Kensington and Chelsea,Sikh,319
E09000020,Kensington and Chelsea,Other religion,1064
E09000020,Kensington and Chelsea,Not answered,14311
E09000021,Kingston upon Thames,No religion,57641
E09000021,Kingston upon Thames,Christian,71670
E09000021,Kingston upon Thames,Buddhist,1726
E09000021,Kingston upon Thames,Hindu,8456
E09000021,Kingston upon Thames,Jewish,693
E09000021,Kingston upon Thames,Muslim,13366
E09000021,Kingston upon Thames,Sikh,1428
E09000021,Kingston upon Thames,Other religion,1119
E09000021,Kingston upon Thames,Not answered,11966
E09000022,Lambeth,No religion,119123
E09000022,Lambeth,Christian,138714
E09000022,Lambeth,Buddhist,2437
E09000022,Lambeth,Hindu,3179
E09000022,Lambeth,Jewish,1344
E09000022,Lambeth,Muslim,25871
E09000022,Lambeth,Sikh,527
E09000022,Lambeth,Other religion,2351
E09000022,Lambeth,Not answered,24110
E09000023,Lewisham,No religion,110379
E09000023,Lewisham,Christian,131706
E09000023,Lewisham,Buddhist,3270
E09000023,Lewisham,Hindu,6459
E09000023,Lewisham,Jewish,826
E09000023,Lewisham,Muslim,22264
E09000023,Lewisham,Sikh,720
E09000023,Lewisham,Other religion,2269
E09000023,Lewisham,Not answered,22660
E09000024,Merton,No religion,60224
E09000024,Merton,Christian,101320
E09000024,Merton,Buddhist,1899
E09000024,Merton,Hindu,12610
E09000024,Merton,Jewish,754
E09000024,Merton,Muslim,21673
E09000024,Merton,Sikh,614
E09000024,Merton,Other religion,1205
E09000024,Merton,Not answered,14888
E09000025,Newham,No religion,50795
E09000025,Newham,Christian,123746
E09000025,Newham,Buddhist,2160
E09000025,Newham,Hindu,21405
E09000025,Newham,Jewish,448
E09000025,Newham,Muslim,122146
E09000025,Newham,Sikh,5638
E09000025,Newham,Other religion,1765
E09000025,Newham,Not answered,22933
E09000026,Redbridge,No religion,38999
E09000026,Redbridge,Christian,94473
E09000026,Redbridge,Buddhist,1611
E09000026,Redbridge,Hindu,34372
E09000026,Redbridge,Jewish,6412
E09000026,Redbridge,Muslim,97068
E09000026,Redbridge,Sikh,17622
E09000026,Redbridge,Other religion,2028
E09000026,Redbridge,Not answered,17675
E09000027,Richmond upon Thames,No religion,74076
E09000027,Richmond upon Thames,Christian,88556
E09000027,Richmond upon Thames,Buddhist,1593
E09000027,Richmond upon Thames,Hindu,4184
E09000027,Richmond upon Thames,Jewish,1262
E09000027,Richmond upon Thames,Muslim,8492
E09000027,Richmond upon Thames,Sikh,1987
E09000027,Richmond upon Thames,Other religion,1273
E09000027,Richmond upon Thames,Not answered,13855
E09000028,Southwark,No religion,111935
E09000028,Southwark,Christian,133298
E09000028,Southwark,Buddhist,2965
E09000028,Southwark,Hindu,3444
E09000028,Southwark,Jewish,1243
E09000028,Southwark,Muslim,29633
E09000028,Southwark,Sikh,632
E09000028,Southwark,Other religion,2149
E09000028,Southwark,Not answered,22338
E09000029,Sutton,No religion,67769
E09000029,Sutton,Christian,95960
E09000029,Sutton,Buddhist,1822
E09000029,Sutton,Hindu,14666
E09000029,Sutton,Jewish,407
E09000029,Sutton,Muslim,14736
E09000029,Sutton,Sikh,447
E09000029,Sutton,Other religion,1244
E09000029,Sutton,Not answered,12589
E09000030,Tower Hamlets,No religion,82635
E09000030,Tower Hamlets,Christian,69223
E09000030,Tower Hamlets,Buddhist,2961
E09000030,Tower Hamlets,Hindu,6298
E09000030,Tower Hamlets,Jewish,1341
E09000030,Tower Hamlets,Muslim,123912
E09000030,Tower Hamlets,Sikh,966
E09000030,Tower Hamlets,Other religion,1652
E09000030,Tower Hamlets,Not answered,21318
E09000031,Waltham Forest,No religion,77739
E09000031,Waltham Forest,Christian,108630
E09000031,Waltham Forest,Buddhist,1834
E09000031,Waltham Forest,Hindu,5155
E09000031,Waltham Forest,Jewish,1268
E09000031,Waltham Forest,Muslim,60157
E09000031,Waltham Forest,Sikh,1285
E09000031,Waltham Forest,Other religion,2810
E09000031,Waltham Forest,Not answered,19548
E09000032,Wandsworth,No religion,118543
E09000032,Wandsworth,Christian,139656
E09000032,Wandsworth,Buddhist,2275
E09000032,Wandsworth,Hindu,6419
E09000032,Wandsworth,Jewish,1756
E09000032,Wandsworth,Muslim,32519
E09000032,Wandsworth,Sikh,967
E09000032,Wandsworth,Other religion,1871
E09000032,Wandsworth,Not answered,23500
E09000033,Westminster,No religion,52936
E09000033,Westminster,Christian,76245
E09000033,Westminster,Buddhist,2603
E09000033,Westminster,Hindu,4457
E09000033,Westminster,Jewish,5628
E09000033,Westminster,Muslim,40873
E09000033,Westminster,Sikh,573
E09000033,Westminster,Other religion,1741
E09000033,Westminster,Not answered,19179
